<?xml version="1.0" encoding="utf-8"?>
<!--
  ~ @package   AkeebaEngage
  ~ @copyright Copyright (c)2020-2020 Nicholas K. Dionysopoulos / Akeeba Ltd
  ~ @license   GNU General Public License version 3, or later
  -->
<extension version="3.9.0" type="plugin" group="content" method="upgrade">
    <name>PLG_CONTENT_ENGAGE</name>
    <description>PLG_CONTENT_ENGAGE_XML_DESC</description>
    <version>1.0.1</version>
    <creationDate>2020-07-14</creationDate>
    <author>Akeeba Ltd</author>
    <authorEmail>no-reply@akeeba.com</authorEmail>
    <authorUrl>https://www.akeeba.com</authorUrl>
    <copyright>Copyright (c)2020-2020 Akeeba Ltd</copyright>
    <license>GNU/GPL v3 or any later version</license>

    <files>
        <folder>forms</folder>
        <folder>layouts</folder>

        <filename plugin="engage">engage.php</filename>
        <filename>.htaccess</filename>
        <filename>web.config</filename>
    </files>
    <languages folder="language">
        <language tag="en-GB">en-GB/en-GB.plg_content_engage.ini</language>
        <language tag="en-GB">en-GB/en-GB.plg_content_engage.sys.ini</language>
        <language tag="el-GR">el-GR/el-GR.plg_content_engage.ini</language>
        <language tag="el-GR">el-GR/el-GR.plg_content_engage.sys.ini</language>
        <language tag="fr-FR">fr-FR/fr-FR.plg_content_engage.ini</language>
        <language tag="fr-FR">fr-FR/fr-FR.plg_content_engage.sys.ini</language>
        <language tag="es-ES">es-ES/es-ES.plg_content_engage.ini</language>
        <language tag="es-ES">es-ES/es-ES.plg_content_engage.sys.ini</language>
		<language tag="en-GB">zh-CN/zh-CN.plg_content_engage.ini</language>
        <language tag="zh-CN">zh-CN/zh-CN.plg_content_engage.sys.ini</language>
    </languages>

    <scriptfile>script.php</scriptfile>

</extension>
